id;title;description;date;is_positive;concern;probability
1;Guadeloupe cross-platform;holistic SDD;2021-04-06T09:21:52;false;Analyst architectures;91152
2;New Jersey Checking Account;invoice overriding;2021-04-06T09:22:46;true;invoice Future-proofed groupware;11487
3;Customer;Metal;2021-04-06T07:29:43;false;recontextualize;45225
4;SAS;grow;2021-04-05T22:35:57;false;Vermont Colorado Investment Account;91966
5;copying Bermuda maximized;grow foreground;2021-04-06T05:26:03;false;Borders whiteboard neutral;61052
6;Health;bypass Cambridgeshire index;2021-04-06T05:39:26;true;eyeballs;68764
7;expedite;Chief info-mediaries Pants;2021-04-06T18:34:21;false;maximized;10956
8;Licensed Rubber Gloves copy port;Intranet parsing;2021-04-06T13:23:13;false;user-facing convergence;60646
9;Street;e-commerce;2021-04-06T09:52:36;true;Jewelery;86323
10;Money Market Account;Lebanese Pound Unbranded;2021-04-05T19:45:28;true;Meadow;43512
