id;opportunity_id;account_name;opportunity_name;type;opportunity_domain;forecast_category;opportunity_stage;probability;opportunity_size;qualified_deal_size;weighted_deal_size;close_date;close_fiscal_quarter;created_date;created_by;fops_names;partners;competitors_names;opportunity_owner;account_owner;sccount_rvp;fiscal_year;qualified_win_loss;opportunity_shadow_offerings
1;Estate high-level Palestinian Territory;Money Market Account;Money Market Account Fiji Dollar Rustic Steel Tuna;virtual Intelligent Concrete Shoes Bedfordshire;Investment Account Sports override;Principal blue;Keyboard;66233;39312;47613;99141;2021-04-05T23:41:41;Senegal Baby driver;2021-04-06T15:00:28;2021-04-06T00:21:33;2021-04-06T16:04:05;generating Prairie;deposit visionary Soft;Salad;Leone cohesive e-commerce;Garden;33890;true;Proactive
2;efficient parsing;Savings Account;sensor Balanced;1080p Program Virtual;Regional Fantastic Steel Computer;Incredible Steel Chicken Maine Cambridgeshire;Mandatory Customer Comoro Franc;63673;86811;27165;47806;2021-04-06T05:43:15;payment RSS;2021-04-05T23:01:45;2021-04-05T21:24:00;2021-04-05T22:19:42;Sports;Riel SSL;HDD Markets Russian Ruble;customized;New Hampshire;66748;true;cyan
3;Administrator;Savings Account;Square Overpass Product;Industrial visionary Frozen;Cedi GB;Unbranded Wooden Ball bluetooth;Israel Awesome Cook Islands;16187;27177;56910;56689;2021-04-06T19:10:09;transmit Small;2021-04-06T10:58:27;2021-04-06T01:58:25;2021-04-06T10:09:24;hacking;SDD Face to face;Handmade Plastic Chicken;solution;mint green Bulgaria;9826;false;Ergonomic
4;Designer eco-centric;Home Loan Account;Illinois Rustic Plastic Mouse Pula;Licensed;extensible;Dam;niches;78789;65642;78248;57;2021-04-06T12:13:06;Investor national Fresh;2021-04-05T19:45:05;2021-04-06T06:07:16;2021-04-06T10:10:54;Metal Creek Self-enabling;Soft overriding;Music;incremental Shoes;Soft Cambridgeshire Berkshire;28805;false;scalable neural integrated
5;Liaison model Norway;Credit Card Account;Coordinator Sleek Fresh Chair Soft;array Namibia grey;Granite;Auto Loan Account eco-centric bluetooth;Generic;64793;71265;49027;7135;2021-04-06T00:31:17;Awesome;2021-04-06T05:56:07;2021-04-06T00:33:04;2021-04-06T08:34:26;Chile Web;Buckinghamshire;Namibia Licensed Frozen Bacon Developer;driver Assurance;Research Pizza;71441;false;maximized Orchestrator Sausages
6;transmitting;Home Loan Account;Cayman Islands Dollar;North Carolina Soap;Sleek Automated;Quality eyeballs;Infrastructure whiteboard Metal;58962;24891;76778;57634;2021-04-06T03:40:59;Cambridgeshire deposit;2021-04-06T19:31:42;2021-04-06T06:34:22;2021-04-06T06:39:36;CFA Franc BCEAO Greece;reboot synthesize;Saint Barthelemy;feed Operative Myanmar;payment;60098;true;Configurable Course
7;green XSS Global;Personal Loan Account;Robust transmit;Chips infrastructure;SCSI Montana;IB COM;fresh-thinking Intelligent Cotton Shoes;1139;34641;10563;27319;2021-04-06T03:13:30;Club;2021-04-06T17:29:30;2021-04-06T01:10:06;2021-04-06T00:41:56;Granite Refined Concrete Sausages Home Loan Account;Unbranded redundant deposit;pixel transition Arizona;panel Grass-roots Home Loan Account;generating program;73238;true;Cambridgeshire
8;Unbranded Metal Ball mint green;Personal Loan Account;program Intelligent Concrete Soap;quantify;AGP;Buckinghamshire withdrawal Mississippi;withdrawal hard drive;71084;42598;80716;60638;2021-04-06T08:13:38;Home;2021-04-06T12:05:37;2021-04-06T08:14:00;2021-04-05T20:38:39;quantifying solid state Latvia;Security Chief orange;Hawaii Open-architected UAE Dirham;platforms Gorgeous;invoice Belize Home Loan Account;40889;false;cultivate Money Market Account
9;customer loyalty COM invoice;Personal Loan Account;Corporate Communications;UIC-Franc world-class firewall;Metal;tan;Senior;32210;93794;40392;44937;2021-04-06T06:49:43;application circuit Netherlands;2021-04-06T15:17:30;2021-04-06T09:34:35;2021-04-06T08:42:10;National Towels;Som hacking Investor;impactful;Hat;Shoes lime Ramp;91353;false;Borders Buckinghamshire Investment Account
10;unleash;Credit Card Account;Home Loan Account Robust Tasty;Analyst;panel;program reboot Savings Account;white Car;93962;29388;21022;84791;2021-04-05T21:35:48;Chad Antigua and Barbuda;2021-04-06T13:31:49;2021-04-06T16:22:16;2021-04-06T01:15:48;Global Oklahoma clear-thinking;Upgradable portal navigating;asynchronous bricks-and-clicks Savings Account;Illinois Facilitator;Codes specifically reserved for testing purposes;17486;true;New Hampshire Buckinghamshire indigo
