{
  "generator-jhipster": {
    "promptValues": {
      "packageName": "com.amdocs.saleso"
    },
    "jhipsterVersion": "6.8.0",
    "applicationType": "monolith",
    "baseName": "SalesO",
    "packageName": "com.amdocs.saleso",
    "packageFolder": "com/amdocs/saleso",
    "serverPort": "8080",
    "authenticationType": "session",
    "cacheProvider": "no",
    "websocket": false,
    "databaseType": "sql",
    "devDatabaseType": "postgresql",
    "prodDatabaseType": "postgresql",
    "searchEngine": false,
    "messageBroker": false,
    "serviceDiscoveryType": false,
    "buildTool": "maven",
    "enableSwaggerCodegen": false,
    "rememberMeKey": "95d0533b692269334317fca82d099f5d59d7e9547abc612c3d7db07cca8ecea19ea840dc91c9b2084aaf941e51c8e5757bd8",
    "embeddableLaunchScript": false,
    "useSass": true,
    "clientPackageManager": "npm",
    "clientFramework": "angularX",
    "clientTheme": "none",
    "clientThemeVariant": "",
    "creationTimestamp": 1617732232607,
    "testFrameworks": ["protractor"],
    "jhiPrefix": "jhi",
    "entitySuffix": "",
    "dtoSuffix": "DTO",
    "otherModules": [],
    "enableTranslation": false,
    "blueprints": []
  }
}
