{
    "name": "MoMs",
    "fields": [
        {
            "fieldName": "title",
            "fieldType": "String"
        },
        {
            "fieldName": "description",
            "fieldType": "String"
        },
        {
            "fieldName": "date",
            "fieldType": "Instant"
        },
        {
            "fieldName": "isPositive",
            "fieldType": "Boolean"
        },
        {
            "fieldName": "concern",
            "fieldType": "String"
        },
        {
            "fieldName": "probability",
            "fieldType": "Integer"
        }
    ],
    "relationships": [
        {
            "relationshipType": "many-to-one",
            "otherEntityName": "opportunity",
            "otherEntityRelationshipName": "moMs",
            "relationshipName": "opportunity",
            "otherEntityField": "id"
        }
    ],
    "changelogDate": "20210406193400",
    "entityTableName": "mo_ms",
    "dto": "no",
    "pagination": "no",
    "service": "no",
    "jpaMetamodelFiltering": false,
    "fluentMethods": true,
    "readOnly": false,
    "embedded": false,
    "clientRootFolder": "",
    "applications": "*"
}