{
    "name": "Opportunity",
    "fields": [
        {
            "fieldName": "opportunityId",
            "fieldType": "String"
        },
        {
            "fieldName": "accountName",
            "fieldType": "String"
        },
        {
            "fieldName": "opportunityName",
            "fieldType": "String"
        },
        {
            "fieldName": "type",
            "fieldType": "String"
        },
        {
            "fieldName": "opportunityDomain",
            "fieldType": "String"
        },
        {
            "fieldName": "forecastCategory",
            "fieldType": "String"
        },
        {
            "fieldName": "opportunityStage",
            "fieldType": "String"
        },
        {
            "fieldName": "probability",
            "fieldType": "Double"
        },
        {
            "fieldName": "opportunitySize",
            "fieldType": "Double"
        },
        {
            "fieldName": "qualifiedDealSize",
            "fieldType": "Double"
        },
        {
            "fieldName": "weightedDealSize",
            "fieldType": "Double"
        },
        {
            "fieldName": "closeDate",
            "fieldType": "Instant"
        },
        {
            "fieldName": "closeFiscalQuarter",
            "fieldType": "String"
        },
        {
            "fieldName": "createdDate",
            "fieldType": "Instant"
        },
        {
            "fieldName": "createdBy",
            "fieldType": "Instant"
        },
        {
            "fieldName": "fopsNames",
            "fieldType": "Instant"
        },
        {
            "fieldName": "partners",
            "fieldType": "String"
        },
        {
            "fieldName": "competitorsNames",
            "fieldType": "String"
        },
        {
            "fieldName": "opportunityOwner",
            "fieldType": "String"
        },
        {
            "fieldName": "accountOwner",
            "fieldType": "String"
        },
        {
            "fieldName": "sccountRVP",
            "fieldType": "String"
        },
        {
            "fieldName": "fiscalYear",
            "fieldType": "Integer"
        },
        {
            "fieldName": "qualifiedWinLoss",
            "fieldType": "Boolean"
        },
        {
            "fieldName": "opportunityShadowOfferings",
            "fieldType": "String"
        }
    ],
    "relationships": [
        {
            "relationshipType": "one-to-many",
            "otherEntityName": "moMs",
            "otherEntityRelationshipName": "opportunity",
            "relationshipName": "moMs"
        },
        {
            "relationshipType": "one-to-many",
            "otherEntityName": "questionAnswer",
            "otherEntityRelationshipName": "opportunity",
            "relationshipName": "questionAnswer"
        }
    ],
    "changelogDate": "20210406193200",
    "entityTableName": "opportunity",
    "dto": "no",
    "pagination": "no",
    "service": "no",
    "jpaMetamodelFiltering": false,
    "fluentMethods": true,
    "readOnly": false,
    "embedded": false,
    "clientRootFolder": "",
    "applications": "*"
}