{
    "name": "QuestionAnswer",
    "fields": [
        {
            "fieldName": "question",
            "fieldType": "String"
        },
        {
            "fieldName": "answer",
            "fieldType": "String"
        }
    ],
    "relationships": [
        {
            "relationshipType": "many-to-one",
            "otherEntityName": "opportunity",
            "otherEntityRelationshipName": "questionAnswer",
            "relationshipName": "opportunity",
            "otherEntityField": "id"
        }
    ],
    "changelogDate": "20210406193300",
    "entityTableName": "question_answer",
    "dto": "no",
    "pagination": "no",
    "service": "no",
    "jpaMetamodelFiltering": false,
    "fluentMethods": true,
    "readOnly": false,
    "embedded": false,
    "clientRootFolder": "",
    "applications": "*"
}