<?xml version="1.0" encoding="utf-8"?>
<databaseChangeLog
    xmlns="http://www.liquibase.org/xml/ns/dbchangelog"
    xmlns:ext="http://www.liquibase.org/xml/ns/dbchangelog-ext"
    xmlns:xsi="http://www.w3.org/2001/XMLSchema-instance"
    xsi:schemaLocation="http://www.liquibase.org/xml/ns/dbchangelog http://www.liquibase.org/xml/ns/dbchangelog/dbchangelog-3.8.xsd
                        http://www.liquibase.org/xml/ns/dbchangelog-ext http://www.liquibase.org/xml/ns/dbchangelog/dbchangelog-ext.xsd">

    
    <!--
        Added the entity Opportunity.
    -->
    <changeSet id="20210406193200-1" author="jhipster">
        <createTable tableName="opportunity">
            <column name="id" type="bigint">
                <constraints primaryKey="true" nullable="false"/>
            </column>
            <column name="opportunity_id" type="varchar(255)">
                <constraints nullable="true" />
            </column>
            <column name="account_name" type="varchar(255)">
                <constraints nullable="true" />
            </column>
            <column name="opportunity_name" type="varchar(255)">
                <constraints nullable="true" />
            </column>
            <column name="type" type="varchar(255)">
                <constraints nullable="true" />
            </column>
            <column name="opportunity_domain" type="varchar(255)">
                <constraints nullable="true" />
            </column>
            <column name="forecast_category" type="varchar(255)">
                <constraints nullable="true" />
            </column>
            <column name="opportunity_stage" type="varchar(255)">
                <constraints nullable="true" />
            </column>
            <column name="probability" type="double">
                <constraints nullable="true" />
            </column>
            <column name="opportunity_size" type="double">
                <constraints nullable="true" />
            </column>
            <column name="qualified_deal_size" type="double">
                <constraints nullable="true" />
            </column>
            <column name="weighted_deal_size" type="double">
                <constraints nullable="true" />
            </column>
            <column name="close_date" type="datetime">
                <constraints nullable="true" />
            </column>
            <column name="close_fiscal_quarter" type="varchar(255)">
                <constraints nullable="true" />
            </column>
            <column name="created_date" type="datetime">
                <constraints nullable="true" />
            </column>
            <column name="created_by" type="datetime">
                <constraints nullable="true" />
            </column>
            <column name="fops_names" type="datetime">
                <constraints nullable="true" />
            </column>
            <column name="partners" type="varchar(255)">
                <constraints nullable="true" />
            </column>
            <column name="competitors_names" type="varchar(255)">
                <constraints nullable="true" />
            </column>
            <column name="opportunity_owner" type="varchar(255)">
                <constraints nullable="true" />
            </column>
            <column name="account_owner" type="varchar(255)">
                <constraints nullable="true" />
            </column>
            <column name="sccount_rvp" type="varchar(255)">
                <constraints nullable="true" />
            </column>
            <column name="fiscal_year" type="integer">
                <constraints nullable="true" />
            </column>
            <column name="qualified_win_loss" type="boolean">
                <constraints nullable="true" />
            </column>
            <column name="opportunity_shadow_offerings" type="varchar(255)">
                <constraints nullable="true" />
            </column>
            <!-- jhipster-needle-liquibase-add-column - JHipster will add columns here, do not remove-->
        </createTable>
        <dropDefaultValue tableName="opportunity" columnName="close_date" columnDataType="datetime"/>
        <dropDefaultValue tableName="opportunity" columnName="created_date" columnDataType="datetime"/>
        <dropDefaultValue tableName="opportunity" columnName="created_by" columnDataType="datetime"/>
        <dropDefaultValue tableName="opportunity" columnName="fops_names" columnDataType="datetime"/>
    </changeSet>

    <changeSet id="20210406193200-1-relations" author="jhipster">

    </changeSet>
    <!-- jhipster-needle-liquibase-add-changeset - JHipster will add changesets here, do not remove-->

    <!--
        Load sample data generated with Faker.js
        - This data can be easily edited using a CSV editor (or even MS Excel) and
          is located in the 'src/main/resources/config/liquibase/fake-data' directory
        - By default this data is applied when running with the JHipster 'dev' profile.
          This can be customized by adding or removing 'faker' in the 'spring.liquibase.contexts'
          Spring Boot configuration key.
    -->
    <changeSet id="20210406193200-1-data" author="jhipster" context="faker">
        <loadData
                  file="config/liquibase/fake-data/opportunity.csv"
                  separator=";"
                  tableName="opportunity">
            <column name="id" type="numeric"/>
            <column name="opportunity_id" type="string"/>
            <column name="account_name" type="string"/>
            <column name="opportunity_name" type="string"/>
            <column name="type" type="string"/>
            <column name="opportunity_domain" type="string"/>
            <column name="forecast_category" type="string"/>
            <column name="opportunity_stage" type="string"/>
            <column name="probability" type="numeric"/>
            <column name="opportunity_size" type="numeric"/>
            <column name="qualified_deal_size" type="numeric"/>
            <column name="weighted_deal_size" type="numeric"/>
            <column name="close_date" type="datetime"/>
            <column name="close_fiscal_quarter" type="string"/>
            <column name="created_date" type="datetime"/>
            <column name="created_by" type="datetime"/>
            <column name="fops_names" type="datetime"/>
            <column name="partners" type="string"/>
            <column name="competitors_names" type="string"/>
            <column name="opportunity_owner" type="string"/>
            <column name="account_owner" type="string"/>
            <column name="sccount_rvp" type="string"/>
            <column name="fiscal_year" type="numeric"/>
            <column name="qualified_win_loss" type="boolean"/>
            <column name="opportunity_shadow_offerings" type="string"/>
            <!-- jhipster-needle-liquibase-add-loadcolumn - JHipster (and/or extensions) can add load columns here, do not remove-->
        </loadData>
    </changeSet>

</databaseChangeLog>
